ID,Name,City,Country,Award,Source List,Cuisine,Years Featured,Score
1,DON JULIO PARRILLA,BUENOS AIRES,Argentina,,Worlds 101 Best Steakhouses 2025 Fixed,Steakhouse,,
2,MARGARET,SYDNEY,Australia,,Worlds 101 Best Steakhouses 2025 Fixed,Steakhouse,,
3,LAIA ERRETEGIA,HONDARRIBIA,Spain,,Worlds 101 Best Steakhouses 2025 Fixed,Steakhouse,,
4,I DUE CIPPI,SATURNIA,Italy,,Worlds 101 Best Steakhouses 2025 Fixed,Steakhouse,,
5,BURNT ENDS,SINGAPORE,Singapore,,Worlds 101 Best Steakhouses 2025 Fixed,Steakhouse,,
6,BODEGA EL CAPRICHO,JIMÉNEZ DE JAMUZ,Spain,,Worlds 101 Best Steakhouses 2025 Fixed,Steakhouse,,
7,CASA JULIAN DE TOLOSA,TOLOSA,Spain,,Worlds 101 Best Steakhouses 2025 Fixed,Steakhouse,,
8,LANA,MADRID,Spain,,Worlds 101 Best Steakhouses 2025 Fixed,Steakhouse,,
9,AG,STOCKHOLM,Sweden,,Worlds 101 Best Steakhouses 2025 Fixed,Steakhouse,,
10,COTE,NEW YORK,USA,,Worlds 101 Best Steakhouses 2025 Fixed,Steakhouse,,
11,IBAI,LONDON,UK,,Worlds 101 Best Steakhouses 2025 Fixed,Steakhouse,,
12,ROCKPOOL BAR & GRILL,SYDNEY,Australia,,Worlds 101 Best Steakhouses 2025 Fixed,Steakhouse,,
13,ASADOR BASTIAN,CHICAGO,USA,,Worlds 101 Best Steakhouses 2025 Fixed,Steakhouse,,
14,THE GRILL AT THE INTERNATIONAL,SYDNEY,Australia,,Worlds 101 Best Steakhouses 2025 Fixed,Steakhouse,,
15,BORN & BRED,SEOUL,South Korea,,Worlds 101 Best Steakhouses 2025 Fixed,Steakhouse,,
16,FIREDOOR,SYDNEY,Australia,,Worlds 101 Best Steakhouses 2025 Fixed,Steakhouse,,
17,LA TÊTE D’OR,NEW YORK,USA,,Worlds 101 Best Steakhouses 2025 Fixed,Steakhouse,,
18,VICTOR CHURCHILL,MELBOURNE,Australia,,Worlds 101 Best Steakhouses 2025 Fixed,Steakhouse,,
19,CARCASSE,KOKSIJDE,Belgium,,Worlds 101 Best Steakhouses 2025 Fixed,Steakhouse,,
20,PORTEÑO,SYDNEY,Australia,,Worlds 101 Best Steakhouses 2025 Fixed,Steakhouse,,
21,CAPA,COPENHAGEN,Denmark,,Worlds 101 Best Steakhouses 2025 Fixed,Steakhouse,,
22,GILLIS,GENT,Belgium,,Worlds 101 Best Steakhouses 2025 Fixed,Steakhouse,,
23,HAWKSMOOR,LONDON,UK,,Worlds 101 Best Steakhouses 2025 Fixed,Steakhouse,,
24,BRAT,LONDON,UK,,Worlds 101 Best Steakhouses 2025 Fixed,Steakhouse,,
25,LA BRASERIA,OSIO SOTTO,Italy,,Worlds 101 Best Steakhouses 2025 Fixed,Steakhouse,,
26,ELISA,VANCOUVER,Canada,,Worlds 101 Best Steakhouses 2025 Fixed,Steakhouse,,
27,NIKUYA TANAKA,TOKYO,Japan,,Worlds 101 Best Steakhouses 2025 Fixed,Steakhouse,,
28,LOS 33,MADRID,Spain,,Worlds 101 Best Steakhouses 2025 Fixed,Steakhouse,,
29,REGINA BISTECCA,FLORENCE,Italy,,Worlds 101 Best Steakhouses 2025 Fixed,Steakhouse,,
30,TRIBUTO,QUITO,Ecuador,,Worlds 101 Best Steakhouses 2025 Fixed,Steakhouse,,
31,AMAREN,BILBAO,Spain,,Worlds 101 Best Steakhouses 2025 Fixed,Steakhouse,,
32,THE GIDLEY,SYDNEY,Australia,,Worlds 101 Best Steakhouses 2025 Fixed,Steakhouse,,
33,BEEFBAR,MONACO,Monaco,,Worlds 101 Best Steakhouses 2025 Fixed,Steakhouse,,
34,ANAHI,PARIS,France,,Worlds 101 Best Steakhouses 2025 Fixed,Steakhouse,,
35,FOGÓN,BUENOS AIRES,Argentina,,Worlds 101 Best Steakhouses 2025 Fixed,Steakhouse,,
36,AALIA,SYDNEY,Australia,,Worlds 101 Best Steakhouses 2025 Fixed,Steakhouse,,
37,STEER DINING ROOM,MELBOURNE,Australia,,Worlds 101 Best Steakhouses 2025 Fixed,Steakhouse,,
38,11WOODFIRE,DUBAI,UAE,,Worlds 101 Best Steakhouses 2025 Fixed,Steakhouse,,
39,LUTYENS GRILL,LONDON,UK,,Worlds 101 Best Steakhouses 2025 Fixed,Steakhouse,,
40,MIYOSHI,KYOTO,Japan,,Worlds 101 Best Steakhouses 2025 Fixed,Steakhouse,,
41,ARAGAWA,LONDON,UK,,Worlds 101 Best Steakhouses 2025 Fixed,Steakhouse,,
42,CLOVER GRILL,PARIS,France,,Worlds 101 Best Steakhouses 2025 Fixed,Steakhouse,,
43,GWEN,LOS ANGELES,USA,,Worlds 101 Best Steakhouses 2025 Fixed,Steakhouse,,
44,4 CHARLES PRIME RIB,NEW YORK,USA,,Worlds 101 Best Steakhouses 2025 Fixed,Steakhouse,,
45,GIMLET,MELBOURNE,Australia,,Worlds 101 Best Steakhouses 2025 Fixed,Steakhouse,,
46,KITAN-IN,OSAKA,Japan,,Worlds 101 Best Steakhouses 2025 Fixed,Steakhouse,,
47,KNIFE,DALLAS,USA,,Worlds 101 Best Steakhouses 2025 Fixed,Steakhouse,,
48,ASADOR NICOLÁS,TOLOSA,Spain,,Worlds 101 Best Steakhouses 2025 Fixed,Steakhouse,,
49,NIKU STEAKHOUSE,SAN FRANCISCO,USA,,Worlds 101 Best Steakhouses 2025 Fixed,Steakhouse,,
50,FIRESIDE,HONG KONG,China,,Worlds 101 Best Steakhouses 2025 Fixed,Steakhouse,,
51,SHELL HOUSE,SYDNEY,Australia,,Worlds 101 Best Steakhouses 2025 Fixed,Steakhouse,,
52,JEFFREY’S,AUSTIN,USA,,Worlds 101 Best Steakhouses 2025 Fixed,Steakhouse,,
53,BISTECCA TUSCAN STEAKHOUSE,SINGAPORE,Singapore,,Worlds 101 Best Steakhouses 2025 Fixed,Steakhouse,,
54,KOKI,HANOI,Vietnam,,Worlds 101 Best Steakhouses 2025 Fixed,Steakhouse,,
55,BLOK,SOUTH WALES,UK,,Worlds 101 Best Steakhouses 2025 Fixed,Steakhouse,,
56,ELENA,BUENOS AIRES,Argentina,,Worlds 101 Best Steakhouses 2025 Fixed,Steakhouse,,
57,MATILDA 159 DOMAIN,MELBOURNE,Australia,,Worlds 101 Best Steakhouses 2025 Fixed,Steakhouse,,
58,KEENS,NEW YORK,USA,,Worlds 101 Best Steakhouses 2025 Fixed,Steakhouse,,
59,CUT BY WOLFGANG PUCK,SINGAPORE,Singapore,,Worlds 101 Best Steakhouses 2025 Fixed,Steakhouse,,
60,THE BAZAAR,NEW YORK,USA,,Worlds 101 Best Steakhouses 2025 Fixed,Steakhouse,,
61,CHAR FUEGO Y BRASAS,TENERIFE,Spain,,Worlds 101 Best Steakhouses 2025 Fixed,Steakhouse,,
62,THE CUT BAR & GRILL,SYDNEY,Australia,,Worlds 101 Best Steakhouses 2025 Fixed,Steakhouse,,
63,MINETTA TAVERN,NEW YORK,USA,,Worlds 101 Best Steakhouses 2025 Fixed,Steakhouse,,
64,GRILL ROYAL,BERLIN,Germany,,Worlds 101 Best Steakhouses 2025 Fixed,Steakhouse,,
65,BEEF & GLORY,VIENNA,Austria,,Worlds 101 Best Steakhouses 2025 Fixed,Steakhouse,,
66,SHATŌBURIAN,SINGAPORE,Singapore,,Worlds 101 Best Steakhouses 2025 Fixed,Steakhouse,,
67,HOLSTEINS,MEXICO,Mexico,,Worlds 101 Best Steakhouses 2025 Fixed,Steakhouse,,
68,FIREWOOD,GEORGE TOWN,Malaysia,,Worlds 101 Best Steakhouses 2025 Fixed,Steakhouse,,
69,PRIME + PROPER,DETROIT,USA,,Worlds 101 Best Steakhouses 2025 Fixed,Steakhouse,,
70,THE DEVONSHIRE,LONDON,UK,,Worlds 101 Best Steakhouses 2025 Fixed,Steakhouse,,
71,SWIFT & SONS,CHICAGO,USA,,Worlds 101 Best Steakhouses 2025 Fixed,Steakhouse,,
72,THE GRAND BAR & GRILL,HELSINKI,Finland,,Worlds 101 Best Steakhouses 2025 Fixed,Steakhouse,,
73,GALLAGHERS,NEW YORK,USA,,Worlds 101 Best Steakhouses 2025 Fixed,Steakhouse,,
74,MAVEN,ANTWERP,Belgium,,Worlds 101 Best Steakhouses 2025 Fixed,Steakhouse,,
75,AMERICAN CUT,NEW YORK,USA,,Worlds 101 Best Steakhouses 2025 Fixed,Steakhouse,,
76,JACOBS & CO STEAKHOUSE,TORONTO,Canada,,Worlds 101 Best Steakhouses 2025 Fixed,Steakhouse,,
77,BAVETTE´S STEAK HOUSE,CHICAGO,USA,,Worlds 101 Best Steakhouses 2025 Fixed,Steakhouse,,
78,IZZY’S STEAKS & CHOPS,SAN FRANCISCO,USA,,Worlds 101 Best Steakhouses 2025 Fixed,Steakhouse,,
79,BEEF,KYIV,Ukraine,,Worlds 101 Best Steakhouses 2025 Fixed,Steakhouse,,
80,THE STEAK HOUSE,HONG KONG,China,,Worlds 101 Best Steakhouses 2025 Fixed,Steakhouse,,
81,SALA DE CORTE,LISBON,Portugal,,Worlds 101 Best Steakhouses 2025 Fixed,Steakhouse,,
82,WILLIAMS BUTCHERS TABLE,ZURICH,Switzerland,,Worlds 101 Best Steakhouses 2025 Fixed,Steakhouse,,
83,NIKU KAPPŌ JŌ,TOKYO,Japan,,Worlds 101 Best Steakhouses 2025 Fixed,Steakhouse,,
84,NURI STEAKHOUSE,DALLAS,USA,,Worlds 101 Best Steakhouses 2025 Fixed,Steakhouse,,
85,PORTER & RYE,GLASGOW,UK,,Worlds 101 Best Steakhouses 2025 Fixed,Steakhouse,,
86,OKADAMAE,TOKYO,Japan,,Worlds 101 Best Steakhouses 2025 Fixed,Steakhouse,,
87,VUUR,STELLENBOSCH,South Africa,,Worlds 101 Best Steakhouses 2025 Fixed,Steakhouse,,
88,GAGE & TOLLNER,NEW YORK,USA,,Worlds 101 Best Steakhouses 2025 Fixed,Steakhouse,,
89,GUINEA GRILL,LONDON,UK,,Worlds 101 Best Steakhouses 2025 Fixed,Steakhouse,,
90,MEATGUY STEAKHOUSE,JAKARTA,Indonesia,,Worlds 101 Best Steakhouses 2025 Fixed,Steakhouse,,
91,MEATMAIDEN,MELBOURNE,Australia,,Worlds 101 Best Steakhouses 2025 Fixed,Steakhouse,,
92,GRILL AMERICANO,MELBOURNE,Australia,,Worlds 101 Best Steakhouses 2025 Fixed,Steakhouse,,
93,20 CHAPEL,SYDNEY,Australia,,Worlds 101 Best Steakhouses 2025 Fixed,Steakhouse,,
94,FIFE LANE,MOUNT MAUNGANUI,New Zealand,,Worlds 101 Best Steakhouses 2025 Fixed,Steakhouse,,
95,HERMANOS,BUENOS AIRES,Argentina,,Worlds 101 Best Steakhouses 2025 Fixed,Steakhouse,,
96,FUKUTATEI THE UKAI,OSAKA,Japan,,Worlds 101 Best Steakhouses 2025 Fixed,Steakhouse,,
97,THE BLOCKMAN,JOHANNESBURG,South Africa,,Worlds 101 Best Steakhouses 2025 Fixed,Steakhouse,,
98,SUGITA,TOKYO,Japan,,Worlds 101 Best Steakhouses 2025 Fixed,Steakhouse,,
99,BISTECCA,SYDNEY,Australia,,Worlds 101 Best Steakhouses 2025 Fixed,Steakhouse,,
100,WAGYUMAFIA STEAKHOUSE,TOKYO,Japan,,Worlds 101 Best Steakhouses 2025 Fixed,Steakhouse,,
101,BRUTUS TAVE,AMSTERDAM,Netherlands,,Worlds 101 Best Steakhouses 2025 Fixed,Steakhouse,,
