ID,Name,City,Country,Award,Source List,Cuisine
1,DON JULIO PARRILLA,BUENOS AIRES,Argentina,,The World's 101 Best Steak Restaurants 2025,Steakhouse
2,MARGARET,SYDNEY,Australia,,The World's 101 Best Steak Restaurants 2025,Steakhouse
3,LAIA ERRETEGIA,HONDARRIBIA,Spain,,The World's 101 Best Steak Restaurants 2025,Steakhouse
4,I DUE CIPPI,SATURNIA,Italy,,The World's 101 Best Steak Restaurants 2025,Steakhouse
5,BURNT ENDS,SINGAPORE,Singapore,,The World's 101 Best Steak Restaurants 2025,Steakhouse
6,BODEGA EL CAPRICHO,JIMÉNEZ DE JAMUZ,Spain,,The World's 101 Best Steak Restaurants 2025,Steakhouse
7,CASA JULIAN DE TOLOSA,TOLOSA,Spain,,The World's 101 Best Steak Restaurants 2025,Steakhouse
8,LANA,MADRID,Spain,,The World's 101 Best Steak Restaurants 2025,Steakhouse
9,AG,STOCKHOLM,Sweden,,The World's 101 Best Steak Restaurants 2025,Steakhouse
10,COTE,NEW YORK,USA,,The World's 101 Best Steak Restaurants 2025,Steakhouse
11,IBAI,LONDON,UK,,The World's 101 Best Steak Restaurants 2025,Steakhouse
12,ROCKPOOL BAR & GRILL,SYDNEY,Australia,,The World's 101 Best Steak Restaurants 2025,Steakhouse
13,ASADOR BASTIAN,CHICAGO,USA,,The World's 101 Best Steak Restaurants 2025,Steakhouse
14,THE GRILL AT THE INTERNATIONAL,SYDNEY,Australia,,The World's 101 Best Steak Restaurants 2025,Steakhouse
15,BORN & BRED,SEOUL,South Korea,,The World's 101 Best Steak Restaurants 2025,Steakhouse
16,FIREDOOR,SYDNEY,Australia,,The World's 101 Best Steak Restaurants 2025,Steakhouse
17,LA TÊTE D’OR,NEW YORK,USA,,The World's 101 Best Steak Restaurants 2025,Steakhouse
18,VICTOR CHURCHILL,MELBOURNE,Australia,,The World's 101 Best Steak Restaurants 2025,Steakhouse
19,CARCASSE,KOKSIJDE,Belgium,,The World's 101 Best Steak Restaurants 2025,Steakhouse
20,PORTEÑO,SYDNEY,Australia,,The World's 101 Best Steak Restaurants 2025,Steakhouse
21,CAPA,COPENHAGEN,Denmark,,The World's 101 Best Steak Restaurants 2025,Steakhouse
22,GILLIS,GENT,Belgium,,The World's 101 Best Steak Restaurants 2025,Steakhouse
23,HAWKSMOOR,LONDON,UK,,The World's 101 Best Steak Restaurants 2025,Steakhouse
24,BRAT,LONDON,UK,,The World's 101 Best Steak Restaurants 2025,Steakhouse
25,LA BRASERIA,OSIO SOTTO,Italy,,The World's 101 Best Steak Restaurants 2025,Steakhouse
26,ELISA,VANCOUVER,Canada,,The World's 101 Best Steak Restaurants 2025,Steakhouse
27,NIKUYA TANAKA,TOKYO,Japan,,The World's 101 Best Steak Restaurants 2025,Steakhouse
28,LOS 33,MADRID,Spain,,The World's 101 Best Steak Restaurants 2025,Steakhouse
29,REGINA BISTECCA,FLORENCE,Italy,,The World's 101 Best Steak Restaurants 2025,Steakhouse
30,TRIBUTO,QUITO,Ecuador,,The World's 101 Best Steak Restaurants 2025,Steakhouse
31,AMAREN,BILBAO,Spain,,The World's 101 Best Steak Restaurants 2025,Steakhouse
32,THE GIDLEY,SYDNEY,Australia,,The World's 101 Best Steak Restaurants 2025,Steakhouse
33,BEEFBAR,MONACO,Monaco,,The World's 101 Best Steak Restaurants 2025,Steakhouse
34,ANAHI,PARIS,France,,The World's 101 Best Steak Restaurants 2025,Steakhouse
35,FOGÓN,BUENOS AIRES,Argentina,,The World's 101 Best Steak Restaurants 2025,Steakhouse
36,AALIA,SYDNEY,Australia,,The World's 101 Best Steak Restaurants 2025,Steakhouse
37,STEER DINING ROOM,MELBOURNE,Australia,,The World's 101 Best Steak Restaurants 2025,Steakhouse
38,11WOODFIRE,DUBAI,UAE,,The World's 101 Best Steak Restaurants 2025,Steakhouse
39,LUTYENS GRILL,LONDON,UK,,The World's 101 Best Steak Restaurants 2025,Steakhouse
40,MIYOSHI,KYOTO,Japan,,The World's 101 Best Steak Restaurants 2025,Steakhouse
41,ARAGAWA,LONDON,UK,,The World's 101 Best Steak Restaurants 2025,Steakhouse
42,CLOVER GRILL,PARIS,France,,The World's 101 Best Steak Restaurants 2025,Steakhouse
43,GWEN,LOS ANGELES,USA,,The World's 101 Best Steak Restaurants 2025,Steakhouse
44,4 CHARLES PRIME RIB,NEW YORK,USA,,The World's 101 Best Steak Restaurants 2025,Steakhouse
45,GIMLET,MELBOURNE,Australia,,The World's 101 Best Steak Restaurants 2025,Steakhouse
46,KITAN-IN,OSAKA,Japan,,The World's 101 Best Steak Restaurants 2025,Steakhouse
47,KNIFE,DALLAS,USA,,The World's 101 Best Steak Restaurants 2025,Steakhouse
48,ASADOR NICOLÁS,TOLOSA,Spain,,The World's 101 Best Steak Restaurants 2025,Steakhouse
49,NIKU STEAKHOUSE,SAN FRANCISCO,USA,,The World's 101 Best Steak Restaurants 2025,Steakhouse
50,FIRESIDE,HONG KONG,China,,The World's 101 Best Steak Restaurants 2025,Steakhouse
51,SHELL HOUSE,SYDNEY,Australia,,The World's 101 Best Steak Restaurants 2025,Steakhouse
52,JEFFREY’S,AUSTIN,USA,,The World's 101 Best Steak Restaurants 2025,Steakhouse
53,BISTECCA TUSCAN STEAKHOUSE,SINGAPORE,Singapore,,The World's 101 Best Steak Restaurants 2025,Steakhouse
54,KOKI,HANOI,Vietnam,,The World's 101 Best Steak Restaurants 2025,Steakhouse
55,BLOK,SOUTH WALES,UK,,The World's 101 Best Steak Restaurants 2025,Steakhouse
56,ELENA,BUENOS AIRES,Argentina,,The World's 101 Best Steak Restaurants 2025,Steakhouse
57,MATILDA 159 DOMAIN,MELBOURNE,Australia,,The World's 101 Best Steak Restaurants 2025,Steakhouse
58,KEENS,NEW YORK,USA,,The World's 101 Best Steak Restaurants 2025,Steakhouse
59,CUT BY WOLFGANG PUCK,SINGAPORE,Singapore,,The World's 101 Best Steak Restaurants 2025,Steakhouse
60,THE BAZAAR,NEW YORK,USA,,The World's 101 Best Steak Restaurants 2025,Steakhouse
61,CHAR FUEGO Y BRASAS,TENERIFE,Spain,,The World's 101 Best Steak Restaurants 2025,Steakhouse
62,THE CUT BAR & GRILL,SYDNEY,Australia,,The World's 101 Best Steak Restaurants 2025,Steakhouse
63,MINETTA TAVERN,NEW YORK,USA,,The World's 101 Best Steak Restaurants 2025,Steakhouse
64,GRILL ROYAL,BERLIN,Germany,,The World's 101 Best Steak Restaurants 2025,Steakhouse
65,BEEF & GLORY,VIENNA,Austria,,The World's 101 Best Steak Restaurants 2025,Steakhouse
66,SHATŌBURIAN,SINGAPORE,Singapore,,The World's 101 Best Steak Restaurants 2025,Steakhouse
67,HOLSTEINS,MEXICO,Mexico,,The World's 101 Best Steak Restaurants 2025,Steakhouse
68,FIREWOOD,GEORGE TOWN,Malaysia,,The World's 101 Best Steak Restaurants 2025,Steakhouse
69,PRIME + PROPER,DETROIT,USA,,The World's 101 Best Steak Restaurants 2025,Steakhouse
70,THE DEVONSHIRE,LONDON,UK,,The World's 101 Best Steak Restaurants 2025,Steakhouse
71,SWIFT & SONS,CHICAGO,USA,,The World's 101 Best Steak Restaurants 2025,Steakhouse
72,THE GRAND BAR & GRILL,HELSINKI,Finland,,The World's 101 Best Steak Restaurants 2025,Steakhouse
73,GALLAGHERS,NEW YORK,USA,,The World's 101 Best Steak Restaurants 2025,Steakhouse
74,MAVEN,ANTWERP,Belgium,,The World's 101 Best Steak Restaurants 2025,Steakhouse
75,AMERICAN CUT,NEW YORK,USA,,The World's 101 Best Steak Restaurants 2025,Steakhouse
76,JACOBS & CO STEAKHOUSE,TORONTO,Canada,,The World's 101 Best Steak Restaurants 2025,Steakhouse
77,BAVETTE´S STEAK HOUSE,CHICAGO,USA,,The World's 101 Best Steak Restaurants 2025,Steakhouse
78,IZZY’S STEAKS & CHOPS,SAN FRANCISCO,USA,,The World's 101 Best Steak Restaurants 2025,Steakhouse
79,BEEF,KYIV,Ukraine,,The World's 101 Best Steak Restaurants 2025,Steakhouse
80,THE STEAK HOUSE,HONG KONG,China,,The World's 101 Best Steak Restaurants 2025,Steakhouse
81,SALA DE CORTE,LISBON,Portugal,,The World's 101 Best Steak Restaurants 2025,Steakhouse
82,WILLIAMS BUTCHERS TABLE,ZURICH,Switzerland,,The World's 101 Best Steak Restaurants 2025,Steakhouse
83,NIKU KAPPŌ JŌ,TOKYO,Japan,,The World's 101 Best Steak Restaurants 2025,Steakhouse
84,NURI STEAKHOUSE,DALLAS,USA,,The World's 101 Best Steak Restaurants 2025,Steakhouse
85,PORTER & RYE,GLASGOW,UK,,The World's 101 Best Steak Restaurants 2025,Steakhouse
86,OKADAMAE,TOKYO,Japan,,The World's 101 Best Steak Restaurants 2025,Steakhouse
87,VUUR,STELLENBOSCH,South Africa,,The World's 101 Best Steak Restaurants 2025,Steakhouse
88,GAGE & TOLLNER,NEW YORK,USA,,The World's 101 Best Steak Restaurants 2025,Steakhouse
89,GUINEA GRILL,LONDON,UK,,The World's 101 Best Steak Restaurants 2025,Steakhouse
90,MEATGUY STEAKHOUSE,JAKARTA,Indonesia,,The World's 101 Best Steak Restaurants 2025,Steakhouse
91,MEATMAIDEN,MELBOURNE,Australia,,The World's 101 Best Steak Restaurants 2025,Steakhouse
92,GRILL AMERICANO,MELBOURNE,Australia,,The World's 101 Best Steak Restaurants 2025,Steakhouse
93,20 CHAPEL,SYDNEY,Australia,,The World's 101 Best Steak Restaurants 2025,Steakhouse
94,FIFE LANE,MOUNT MAUNGANUI,New Zealand,,The World's 101 Best Steak Restaurants 2025,Steakhouse
95,HERMANOS,BUENOS AIRES,Argentina,,The World's 101 Best Steak Restaurants 2025,Steakhouse
96,FUKUTATEI THE UKAI,OSAKA,Japan,,The World's 101 Best Steak Restaurants 2025,Steakhouse
97,THE BLOCKMAN,JOHANNESBURG,South Africa,,The World's 101 Best Steak Restaurants 2025,Steakhouse
98,SUGITA,TOKYO,Japan,,The World's 101 Best Steak Restaurants 2025,Steakhouse
99,BISTECCA,SYDNEY,Australia,,The World's 101 Best Steak Restaurants 2025,Steakhouse
100,WAGYUMAFIA STEAKHOUSE,TOKYO,Japan,,The World's 101 Best Steak Restaurants 2025,Steakhouse
101,BRUTUS TAVE,AMSTERDAM,Netherlands,,The World's 101 Best Steak Restaurants 2025,Steakhouse
